Name;Year;Population
City of London;2010;7338
City of London;2011;7412
City of London;2012;7204
City of London;2013;6848
City of London;2014;6872
City of London;2015;7160
City of London;2016;7401
City of London;2017;7405
City of London;2018;7681
City of London;2019;7953
City of London;2020;8046
City of London;2021;8164
City of London;2022;8289
City of London;2023;8408
Barking and Dagenham;2010;182838
Barking and Dagenham;2011;187418
Barking and Dagenham;2012;190949
Barking and Dagenham;2013;194741
Barking and Dagenham;2014;198683
Barking and Dagenham;2015;202368
Barking and Dagenham;2016;206849
Barking and Dagenham;2017;210513
Barking and Dagenham;2018;212773
Barking and Dagenham;2019;214858
Barking and Dagenham;2020;218367
Barking and Dagenham;2021;221495
Barking and Dagenham;2022;224407
Barking and Dagenham;2023;226988
Barnet;2010;351438
Barnet;2011;357653
Barnet;2012;364071
Barnet;2013;369203
Barnet;2014;375030
Barnet;2015;379806
Barnet;2016;386198
Barnet;2017;391446
Barnet;2018;397049
Barnet;2019;402363
Barnet;2020;407148
Barnet;2021;411275
Barnet;2022;415041
Barnet;2023;418291
Bexley;2010;230711
Bexley;2011;233002
Bexley;2012;234499
Bexley;2013;236915
Bexley;2014;240093
Bexley;2015;242370
Bexley;2016;244988
Bexley;2017;247179
Bexley;2018;249999
Bexley;2019;252885
Bexley;2020;254970
Bexley;2021;256845
Bexley;2022;258607
Bexley;2023;260232
Brent;2010;304785
Brent;2011;313084
Brent;2012;315499
Brent;2013;318103
Brent;2014;321601
Brent;2015;324851
Brent;2016;329093
Brent;2017;332750
Brent;2018;336859
Brent;2019;340710
Brent;2020;343853
Brent;2021;346437
Brent;2022;348783
Brent;2023;350714
Bromley;2010;308560
Bromley;2011;311110
Bromley;2012;314592
Bromley;2013;318455
Bromley;2014;321834
Bromley;2015;325413
Bromley;2016;327445
Bromley;2017;330909
Bromley;2018;332733
Bromley;2019;334292
Bromley;2020;336395
Bromley;2021;339466
Bromley;2022;342548
Bromley;2023;345216
Camden;2010;214725
Camden;2011;220087
Camden;2012;224961
Camden;2013;229718
Camden;2014;234845
Camden;2015;241058
Camden;2016;246180
Camden;2017;249556
Camden;2018;252637
Camden;2019;255526
Camden;2020;257384
Camden;2021;259344
Camden;2022;261082
Camden;2023;262494
Croydon;2010;357951
Croydon;2011;364815
Croydon;2012;368886
Croydon;2013;372752
Croydon;2014;376040
Croydon;2015;379031
Croydon;2016;382304
Croydon;2017;386346
Croydon;2018;391296
Croydon;2019;396548
Croydon;2020;400272
Croydon;2021;403461
Croydon;2022;406399
Croydon;2023;411580
Ealing;2010;334073
Ealing;2011;339665
Ealing;2012;341022
Ealing;2013;342845
Ealing;2014;342469
Ealing;2015;343410
Ealing;2016;343547
Ealing;2017;347126
Ealing;2018;350784
Ealing;2019;354184
Ealing;2020;361833
Ealing;2021;369685
Ealing;2022;377916
Ealing;2023;385818
Enfield;2010;307648
Enfield;2011;314011
Enfield;2012;317363
Enfield;2013;320600
Enfield;2014;324650
Enfield;2015;328509
Enfield;2016;331471
Enfield;2017;335647
Enfield;2018;337697
Enfield;2019;339480
Enfield;2020;342993
Enfield;2021;346635
Enfield;2022;349994
Enfield;2023;352879
Greenwich;2010;249171
Greenwich;2011;255483
Greenwich;2012;260068
Greenwich;2013;264008
Greenwich;2014;268678
Greenwich;2015;274803
Greenwich;2016;279766
Greenwich;2017;282774
Greenwich;2018;286322
Greenwich;2019;289650
Greenwich;2020;292466
Greenwich;2021;294837
Greenwich;2022;297039
Greenwich;2023;300514
Hackney;2010;241739
Hackney;2011;247578
Hackney;2012;252515
Hackney;2013;257775
Hackney;2014;263546
Hackney;2015;269405
Hackney;2016;273922
Hackney;2017;277475
Hackney;2018;281740
Hackney;2019;286425
Hackney;2020;289488
Hackney;2021;292023
Hackney;2022;294312
Hackney;2023;296177
Hammersmith and Fulham;2010;180842
Hammersmith and Fulham;2011;182790
Hammersmith and Fulham;2012;180195
Hammersmith and Fulham;2013;179030
Hammersmith and Fulham;2014;178710
Hammersmith and Fulham;2015;179754
Hammersmith and Fulham;2016;179998
Hammersmith and Fulham;2017;181889
Hammersmith and Fulham;2018;184050
Hammersmith and Fulham;2019;186075
Hammersmith and Fulham;2020;190721
Hammersmith and Fulham;2021;195981
Hammersmith and Fulham;2022;201406
Hammersmith and Fulham;2023;206689
Haringey;2010;252742
Haringey;2011;256438
Haringey;2012;259810
Haringey;2013;264284
Haringey;2014;268439
Haringey;2015;273762
Haringey;2016;279349
Haringey;2017;282397
Haringey;2018;284288
Haringey;2019;285949
Haringey;2020;288913
Haringey;2021;291330
Haringey;2022;293503
Haringey;2023;295263
Harrow;2010;237451
Harrow;2011;241063
Harrow;2012;242941
Harrow;2013;243937
Harrow;2014;246575
Harrow;2015;247694
Harrow;2016;249316
Harrow;2017;252052
Harrow;2018;255369
Harrow;2019;258861
Harrow;2020;261348
Harrow;2021;263484
Harrow;2022;265449
Harrow;2023;267120
Havering;2010;236234
Havering;2011;238281
Havering;2012;240087
Havering;2013;242434
Havering;2014;246328
Havering;2015;249439
Havering;2016;253137
Havering;2017;256162
Havering;2018;257511
Havering;2019;258655
Havering;2020;261830
Havering;2021;265930
Havering;2022;271368
Havering;2023;276649
Hillingdon;2010;269465
Hillingdon;2011;276134
Hillingdon;2012;282391
Hillingdon;2013;287443
Hillingdon;2014;293325
Hillingdon;2015;298370
Hillingdon;2016;303106
Hillingdon;2017;307040
Hillingdon;2018;309926
Hillingdon;2019;312567
Hillingdon;2020;316253
Hillingdon;2021;319467
Hillingdon;2022;322492
Hillingdon;2023;325182
Hounslow;2010;249236
Hounslow;2011;255334
Hounslow;2012;259459
Hounslow;2013;262814
Hounslow;2014;265975
Hounslow;2015;269177
Hounslow;2016;271546
Hounslow;2017;274970
Hounslow;2018;278264
Hounslow;2019;281339
Hounslow;2020;284358
Hounslow;2021;286947
Hounslow;2022;289358
Hounslow;2023;291460
Islington;2010;200129
Islington;2011;206639
Islington;2012;211400
Islington;2013;216024
Islington;2014;221383
Islington;2015;228045
Islington;2016;233218
Islington;2017;235370
Islington;2018;238267
Islington;2019;241589
Islington;2020;242827
Islington;2021;244372
Islington;2022;245839
Islington;2023;247009
Kensington and Chelsea;2010;160463
Kensington and Chelsea;2011;158652
Kensington and Chelsea;2012;156331
Kensington and Chelsea;2013;155995
Kensington and Chelsea;2014;156591
Kensington and Chelsea;2015;158112
Kensington and Chelsea;2016;157127
Kensington and Chelsea;2017;157954
Kensington and Chelsea;2018;159301
Kensington and Chelsea;2019;160531
Kensington and Chelsea;2020;160794
Kensington and Chelsea;2021;161552
Kensington and Chelsea;2022;162446
Kensington and Chelsea;2023;163255
Kingston upon Thames;2010;158648
Kingston upon Thames;2011;160469
Kingston upon Thames;2012;163939
Kingston upon Thames;2013;166826
Kingston upon Thames;2014;169991
Kingston upon Thames;2015;173558
Kingston upon Thames;2016;176140
Kingston upon Thames;2017;178419
Kingston upon Thames;2018;179581
Kingston upon Thames;2019;180598
Kingston upon Thames;2020;182728
Kingston upon Thames;2021;184660
Kingston upon Thames;2022;186434
Kingston upon Thames;2023;187973
Lambeth;2010;297650
Lambeth;2011;304808
Lambeth;2012;310527
Lambeth;2013;314569
Lambeth;2014;318543
Lambeth;2015;324758
Lambeth;2016;328237
Lambeth;2017;331157
Lambeth;2018;334724
Lambeth;2019;338028
Lambeth;2020;340324
Lambeth;2021;342250
Lambeth;2022;343982
Lambeth;2023;345285
Lewisham;2010;272525
Lewisham;2011;277525
Lewisham;2012;282143
Lewisham;2013;286767
Lewisham;2014;292520
Lewisham;2015;297912
Lewisham;2016;302454
Lewisham;2017;306380
Lewisham;2018;310324
Lewisham;2019;314027
Lewisham;2020;317465
Lewisham;2021;320574
Lewisham;2022;323421
Lewisham;2023;325830
Merton;2010;199136
Merton;2011;201226
Merton;2012;202908
Merton;2013;203906
Merton;2014;204198
Merton;2015;205248
Merton;2016;205712
Merton;2017;208225
Merton;2018;209421
Merton;2019;210452
Merton;2020;212658
Merton;2021;214740
Merton;2022;216662
Merton;2023;218298
Newham;2010;299171
Newham;2011;311912
Newham;2012;315536
Newham;2013;319679
Newham;2014;325774
Newham;2015;334269
Newham;2016;342430
Newham;2017;347448
Newham;2018;353245
Newham;2019;359470
Newham;2020;363552
Newham;2021;366943
Newham;2022;370004
Newham;2023;372515
Redbridge;2010;275088
Redbridge;2011;281521
Redbridge;2012;284743
Redbridge;2013;288398
Redbridge;2014;293181
Redbridge;2015;296919
Redbridge;2016;299375
Redbridge;2017;303887
Redbridge;2018;305910
Redbridge;2019;307690
Redbridge;2020;312264
Redbridge;2021;316288
Redbridge;2022;320018
Redbridge;2023;323302
Richmond upon Thames;2010;186304
Richmond upon Thames;2011;187527
Richmond upon Thames;2012;189145
Richmond upon Thames;2013;191365
Richmond upon Thames;2014;193585
Richmond upon Thames;2015;194730
Richmond upon Thames;2016;195846
Richmond upon Thames;2017;197988
Richmond upon Thames;2018;199419
Richmond upon Thames;2019;200703
Richmond upon Thames;2020;201713
Richmond upon Thames;2021;203312
Richmond upon Thames;2022;205051
Richmond upon Thames;2023;206708
Southwark;2010;283777
Southwark;2011;289361
Southwark;2012;294174
Southwark;2013;299109
Southwark;2014;303182
Southwark;2015;309545
Southwark;2016;313867
Southwark;2017;317735
Southwark;2018;322302
Southwark;2019;327271
Southwark;2020;330290
Southwark;2021;332679
Southwark;2022;334826
Southwark;2023;336554
Sutton;2010;189321
Sutton;2011;191515
Sutton;2012;194022
Sutton;2013;196306
Sutton;2014;198526
Sutton;2015;200537
Sutton;2016;202612
Sutton;2017;204933
Sutton;2018;207378
Sutton;2019;209666
Sutton;2020;211297
Sutton;2021;213340
Sutton;2022;215228
Sutton;2023;216865
Tower Hamlets;2010;248520
Tower Hamlets;2011;256685
Tower Hamlets;2012;263676
Tower Hamlets;2013;273563
Tower Hamlets;2014;284688
Tower Hamlets;2015;295909
Tower Hamlets;2016;305527
Tower Hamlets;2017;311044
Tower Hamlets;2018;317203
Tower Hamlets;2019;323696
Tower Hamlets;2020;328043
Tower Hamlets;2021;331620
Tower Hamlets;2022;334834
Tower Hamlets;2023;341358
Waltham Forest;2010;254009
Waltham Forest;2011;260397
Waltham Forest;2012;263221
Waltham Forest;2013;266452
Waltham Forest;2014;268675
Waltham Forest;2015;271825
Waltham Forest;2016;276498
Waltham Forest;2017;280050
Waltham Forest;2018;283524
Waltham Forest;2019;286776
Waltham Forest;2020;290024
Waltham Forest;2021;292788
Waltham Forest;2022;295311
Waltham Forest;2023;297439
Wandsworth;2010;302620
Wandsworth;2011;308300
Wandsworth;2012;308902
Wandsworth;2013;311106
Wandsworth;2014;312735
Wandsworth;2015;315134
Wandsworth;2016;316686
Wandsworth;2017;319731
Wandsworth;2018;324400
Wandsworth;2019;328828
Wandsworth;2020;332731
Wandsworth;2021;337783
Wandsworth;2022;343147
Wandsworth;2023;348272
Westminster;2010;217187
Westminster;2011;219582
Westminster;2012;223858
Westminster;2013;226841
Westminster;2014;233292
Westminster;2015;242299
Westminster;2016;247614
Westminster;2017;250049
Westminster;2018;254375
Westminster;2019;258511
Westminster;2020;259981
Westminster;2021;262317
Westminster;2022;264875
Westminster;2023;267274
London;2010;8061495
London;2011;8217475
London;2012;8321035
London;2013;8428809
London;2014;8550555
London;2015;8685178
London;2016;8798957
London;2017;8904004
London;2018;9006352
London;2019;9106157
London;2020;9203331
London;2021;9298024
London;2022;9390069
London;2023;9479610
Inner London;2010;3179428
Inner London;2011;3247768
Inner London;2012;3291231
Inner London;2013;3341307
Inner London;2014;3401119
Inner London;2015;3477121
Inner London;2016;3534009
Inner London;2017;3575589
Inner London;2018;3624536
Inner London;2019;3673880
Inner London;2020;3710562
Inner London;2021;3746932
Inner London;2022;3781965
Inner London;2023;3816382
Outer London;2010;4882067
Outer London;2011;4969707
Outer London;2012;5029804
Outer London;2013;5087502
Outer London;2014;5149436
Outer London;2015;5208057
Outer London;2016;5264948
Outer London;2017;5328414
Outer London;2018;5381816
Outer London;2019;5432277
Outer London;2020;5492769
Outer London;2021;5551092
Outer London;2022;5608104
Outer London;2023;5663228
